Visitor,Check_in,Check_out
Visitor_1,2023-05-13 02:52:48.149082+07,2023-05-13 02:53:38.156215+07
Visitor_2,2023-05-12 02:52:49.03976+07,2023-05-12 02:53:38.915293+07
Visitor_3,2023-05-15 11:46:39.339707+07,2023-05-15 11:47:39.339057+07
Visitor_4,2023-05-12 02:52:49.03976+07,2023-05-12 02:53:38.915293+07
Visitor_4,2023-05-15 19:05:06.704975+07,2023-05-15 19:06:06.627719+07
Visitor_4,2023-05-16 01:15:38.071365+07,2023-05-16 01:16:38.069119+07
Visitor_4,2023-05-16 01:26:38.022046+07,2023-05-16 01:27:38.021813+07
Visitor_4,2023-05-16 01:29:38.286673+07,2023-05-16 01:30:38.270904+07
Visitor_4,2023-05-16 01:34:39.203119+07,2023-05-16 01:35:38.064728+07
Visitor_4,2023-05-16 02:09:38.203265+07,2023-05-16 02:10:38.146201+07
Visitor_4,2023-05-16 02:22:38.258518+07,2023-05-16 02:23:38.235756+07
Visitor_4,2023-05-16 03:56:35.935212+07,2023-05-16 03:57:35.874867+07
Visitor_4,2023-05-16 06:25:36.482096+07,2023-05-16 06:26:36.480681+07
Visitor_4,2023-05-16 06:33:36.573998+07,2023-05-16 06:34:36.5086+07
Visitor_4,2023-05-16 06:48:36.52606+07,2023-05-16 06:49:36.498523+07
Visitor_4,2023-05-16 07:06:36.849389+07,2023-05-16 07:07:36.646099+07
Visitor_4,2023-05-16 08:29:36.934699+07,2023-05-16 08:30:36.822005+07
Visitor_4,2023-05-16 09:22:36.893379+07,2023-05-16 09:23:36.825901+07
Visitor_4,2023-05-16 09:54:37.010135+07,2023-05-16 09:55:37.009193+07
Visitor_4,2023-05-16 10:15:37.265772+07,2023-05-16 10:16:37.261148+07
Visitor_4,2023-05-16 10:28:37.262485+07,2023-05-16 10:29:37.243457+07
Visitor_4,2023-05-16 10:42:37.341929+07,2023-05-16 10:43:37.3382+07
Visitor_4,2023-05-16 11:29:37.521863+07,2023-05-16 11:30:37.492781+07
Visitor_4,2023-05-16 11:36:37.505707+07,2023-05-16 11:37:37.488225+07
Visitor_4,2023-05-16 11:47:37.553991+07,2023-05-16 11:48:37.35295+07
Visitor_4,2023-05-16 12:15:37.390155+07,2023-05-16 12:16:37.386959+07
Visitor_4,2023-05-16 12:54:37.964643+07,2023-05-16 12:55:37.887696+07
Visitor_4,2023-05-16 12:59:37.926465+07,2023-05-16 13:00:37.910146+07
Visitor_4,2023-05-16 13:02:37.900761+07,2023-05-16 13:03:37.683897+07
Visitor_4,2023-05-16 13:09:37.95522+07,2023-05-16 13:10:37.903015+07
Visitor_4,2023-05-19 02:52:43.401201+07,2023-05-19 02:53:33.387476+07
Visitor_5,2023-05-10 13:27:43.667435+07,2023-05-10 13:28:43.652338+07
Visitor_5,2023-05-11 03:50:40.036395+07,2023-05-11 03:51:40.025861+07
Visitor_5,2023-05-11 04:05:39.990689+07,2023-05-11 04:06:39.935647+07
Visitor_5,2023-05-12 02:52:49.03976+07,2023-05-12 02:53:38.915293+07
Visitor_5,2023-05-13 02:52:48.149082+07,2023-05-13 02:53:38.156215+07
Visitor_5,2023-05-20 02:52:42.93823+07,2023-05-20 02:53:32.867206+07
Visitor_6,2023-05-19 02:52:43.401201+07,2023-05-19 02:53:33.387476+07
